Category,TotalSales
Technology,827455.9399999912
Furniture,728658.749999999
Office Supplies,705422.2800000001
