Customer Name,Revenue
Sean Miller,25043.07
Tamara Chand,19052.219999999998
Raymond Buch,15117.349999999999
Tom Ashbrook,14595.619999999999
Adrian Barton,14473.569999999998
